"From tau charge, integral, with mT cut"
Data_hist,82221.0
ZTT,45613.03515625
ZLL,5002.234130859375
Fake,33345.412109375
TT,1242.97119140625
ggh,1991.6119384765625
mc sum,87195.26452636719


From Cutflow bin 8
Data_hist,174366.0
ZTT,61409.9921875
ZLL,8263.056640625
Fake,99759.234375
TT,5094.26220703125
ggh,6451.38671875
