"From tau charge, integral, with mT cut"
Data_hist,82721.0
ZTT,44517.98828125
ZLL,5044.06640625
Fake,33578.158203125
TT,1255.56396484375
ggh,1895.1990356445312
mc sum,86290.97589111328
From Cutflow bin 8
Data_hist,175658.0
ZTT,60404.41796875
ZLL,8458.0419921875
Fake,100300.5625
TT,5193.4208984375
ggh,6216.1884765625
