"From tau charge, integral, with mT cut"
Data_hist,82194.0
ZTT,43226.4609375
ZLL,4888.222900390625
Fake,33212.4658203125
TT,1140.5121459960938
ggh,1736.0560913085938
mc sum,84203.71789550781
From Cutflow bin 8
Data_hist,174445.0
ZTT,58639.82421875
ZLL,8200.51171875
Fake,96548.796875
TT,4731.9892578125
ggh,5873.59521484375
