"From tau charge, integral, with mT cut"
Data_hist,82194.0
ZTT,44323.275390625
ZLL,5044.346435546875
Fake,32916.80859375
TT,1178.561767578125
ggh,1880.5166625976562
mc sum,85343.50885009766
From Cutflow bin 8
Data_hist,174445.0
ZTT,60157.68359375
ZLL,8458.5908203125
Fake,95709.8046875
TT,4878.404296875
ggh,6169.0498046875
