"From tau charge, integral, with mT cut"
Data_hist,117085.0
ZTT,60690.298828125
ZLL,7324.5458984375
Fake,46707.474609375
TT,1678.04248046875
ggh,1751.3890380859375
From Cutflow bin 8
Data_hist,247314.0
ZTT,81873.1171875
ZLL,11917.224609375
Fake,134107.625
TT,6898.11767578125
ggh,5057.94970703125
