Name,Yield
From Cutflow bin 8
Data_hist,675800.0
ZTT,293323.59375
ZLL,15821.189453125
Fake,275198.0
TT,57827.12890625
ggh,5468.9140625
VV,20170.318359375
