"From tau charge, integral, with mT cut"
Data_hist,339738.0
ZTT,269812.296875
ZLL,4974.785888671875
Fake,110713.90234375
TT,3697.8447265625
ggh,6579.669189453125
mc sum,395778.4990234375
From Cutflow bin 8
Data_hist,584622.0
ZTT,330788.28125
ZLL,8079.3701171875
Fake,274148.5625
TT,12962.4375
ggh,17709.083984375
