Name,Yield
From Cutflow bin 8
Data_hist,496344.0
ZTT,228870.40625
ZLL,10846.908203125
Fake,199249.015625
TT,38191.73046875
ggh,3937.803466796875
VV,13400.861328125
