"From tau charge, integral, with mT cut"
Data_hist,236109.0
ZTT,154137.7265625
ZLL,3739.9149169921875
Fake,83589.0078125
TT,2309.4697265625
ggh,3967.760498046875
mc sum,247743.87951660156
From Cutflow bin 8
Data_hist,411187.0
ZTT,189862.265625
ZLL,6074.6826171875
Fake,203505.46875
TT,7979.986328125
ggh,10793.482421875
